question	category
"What are some of the most interesting facts of ""Internet""about India?"	0
aren't ebooks and video game downloads cheaper than regular book and disc video games ?	1
what are the signs and symptoms of streptococcus pneumoniae in children	0
Which is the best food for kids?	1
Who had a longer reign, Hirohito or Christian IV?	1
Is the Rhine longer than the Seine?	1
Why has pokemon GO suddenly stopped working in India?	0
What is the difference between a product manager and a segment manager?	1
Which is the best time to workout, morning or evening?	1
Where might one find the city of Tunis?	0
How many countries are contained solely in the Caucasus region?	0
How many games by Impressions Games were released in 2000?	0
Were the Mayans founded before 2700 B.C.?	0
who plays liv in skins	0
Which MBA stream is better to pursue a mechanical engineer as fresher?	1
what are laws passed by the us congress and state legislatures	0
Is a MacBook Pro 2015 still worth buying in 2016?	1
how does a stump puller work	0
Is Tom Cruise taller than Hugh Jackman?	1
What are the most amazing movies you have seen, but not so popular? (any language)	1
Which is the best book for learning programming in data structures and algorithms from beginning?	1
What are some mind-blowing gadgets tools for cars that most people don't know about?	1
who has won the most olympic medals this year	1
where did john bonham die at the alamo	0
Did Minecraft have more sales than Grand Theft Auto V?	1
where do the immortals come from in highlander	0
wandering atrial pacemaker and multifocal atrial tachycardia from what	0
What was Jane Austen's last completed novel?	0
when is informed consent used	0
the two types of flares used on brake lines are	0
Which river is longer, the Amazon or the Nile?	1
What is the Sahara, and how do the average temperatures there compare to the ones in the Registan Desert?	1
Which video game came out earlier, Earthworm Jim or Sonic the Hedgehog 2?	1
Is Rupert Grint taller than Daniel Radcliffe?	1
What is it like to shop on Flipkart on a Big Billion Day sale?	0
Whom did King Henry VII's first daughter marry?	0
Which movie released in 1981 features Harrison Ford and was the first in a long series of movies?	0
what year was danny treanor born	0
What is the difference between free and paid antivirus softwares?	1
what language name is oma	0
Who scored more goals overall, Lionel Messi or Cristiano Ronaldo?	1
What are the best thing about Indians?	1
What are some best defensive shots played by Rahul Dravid?	1
Why are there ~5-6x as many Taliban members today as in 2008 ?	1
Fat Loss: What is the best exercise routine to lose weight for someone with knee problems?	1
Which Android game people like the most?	1
Mobile Phones: What is the difference between GSM, WCDMA, CDMA and UMTS SIM slots?	1
what trophic level are tertiary consumers	0
Is the author of the Fudge series older than the author of the Sisterhood of the Traveling Pants series?	1
Who will win armwrestling match between chyna and hhh?	1
Which movie directed by Cate Shortland stars Scarlett Johansson?	0
Which is the best gaming laptop in 60000 Rs?	1
In 2020, how many games did the Heat lose in during the season?	0
What kind of pet can I get, if I live alone and work 9 hours a day?	0
can old tanning lotion make you blister	0
how does fishing affect the earth	0
who was the last surviving signer of the declaration of independence	1
What is a market disequilibrium and how does it happen?	0
what are prevention costs	0
'what was the venue of 2015 cricket world cup''s final match'	0
what continent is nicaragua located	0
How many chess grandmasters does India have?	0
Is Mississippi or Alabama the most racist state in the US?	1
Did Jodie Foster act as Clarice in Silence of the Lambs 2?	0
How do you find square footage area of a circle?	0
Who will win the World Cup 2014?	1
How is junior college in Singapore compared to Pakistan?	1
What is the easiest way to hack Facebook and WhatsApp?	1
what are rashes on the leg called	0
Where do I buy a 2 piece bikini in Mumbai?	0
Which movie in the MCU was the first to not have an end credits scene?	0
Who would win in a war between China and Russia?	0
What is the name of the fourth largest country in the world?	0
what is the hyperloop	0
What are some best OLA / UBER hacks which can save my money?	1
which area of the body had the largest receptive field	1
How is Oauth2 different from ADFS ?	1
Which war lasted longer, the Boer War or the Crimean War?	1
why do european countries drive on the right	0
Why are there so many more critically-acclaimed shows on cable than on network TV ?	1
Is Texas a bigger state than North Carolina?	1
What are the best Woody Allen films?	1
Which mountain system that divides Europe and Asia is not found in the west?	0
What will be the best thing to loose weight? I have thyroid due to which I have severe backaches, and I am not able to workout more.	1
What is the best approach to responding to unsolicited job inquiries?	1
what is the similarity between digestion and decomposition	1
What are the most interesting products and innovations that Spark Therapeutics is coming out with in 2016?	1
Which war lasted longer, the Korean War or the Vietnam War?	1
Which video game console has the most games available to play on it?	0
what is the fluid inside a blister called	0
What are examples of pure substances?	0
Is it possible to play al sony psp online with out a wireless router or connection	0
what does the promoter do for prokaryotes	0
What are the most popular goods exported from India to Dubai?	1
who won the ncaa basketball tournament in 2017	0
Can you describe the difference between 3G, 4G, and LTE in layman terms?	1
What is the difference between Mumbai Metro and Mumbai Monorail? Are they same or different?	1
Which former NBA player went by the moniker Chocolate Thunder?	0
who has the most home runs as a rookie ever	1
What is the easiest way to get rid of black elbows?	1
In the 2019 NHL Stanley Cup, which team did not take the prized trophy?	0
what is argus community inc	0
What are some good examples of event advertisements?	1
who sang rockin pneumonia and boogie woogie flu	0
this amendment sets the order for presidential succession (who takes over if the president dies)	0
what is the cost of lead per gram	0
Is Russia bigger than Canada?	1
What are some interesting words in English?	1
what car has the quietest cabin	1
What are the most interesting but little known historical events?	1
where is orangeburg new york	0
Are there more Mario Golf games or Mario Baseball games?	1
Which is the best place to stay in Bangalore for a techie who works in Manyata tech park? Reasons.	1
If you had to choose one faction from the Divergent series which one would you pick and why?	1
In Gulliver's Travels who is taller, Gulliver or the Lilliputians?	1
can you post bond without being arrested	0
what does gray and pink make	0
Why are women not as open about stuff as compared to men ?	1
what is big green egg	0
what land mammal holds the record for the greatest age	1
Who would I choose? The person who love me but I don't love, or the person who I love but doesn't love me?	1
what did marshall plan purpose	0
What is difference between MMRDA act 1975 and MRTP act 1966?	1
How did my cell phone just charge from 0% to 100% in less than 2 seconds ?	0
Why does cotton snap on a sewing machine?	0
what does kava mean	0
what math does an architect use	0
Which is the best bike in in dia to buy in INR 10k?	1
Has Twilight: New Moon sold more copies than Twilight: Eclipse?	1
What computer language is the most useful?	1
which sql iso install per core	1
what is in the host file	0
Which is the best Harry Potter movie?	1
Where was Hellboy born?	0
Which country is bigger: Russia or Germany?	1
what ;county is stratton maine in	0
Did America enter World War II before or after the Japanese bombed Pearl Harbor?	1
what are association areas	0
Who had a longer reign, King Henry VII or King Henry VIII?	1
How many Grammys did Taylor Swift win during the 2021 Grammys?	0
What is the best beach in Goa?	1
what is the difference between an antibiotic	1
when did the american great depression start and end	0
What is the best joke you have ever heard?	1
what happened to lisa and phil in eastenders	0
when was the constitution of the united states signed	0
What year was the author who wrote 1984 born?	0
Why does Spanish type jajaja and English type hahaha when typing laughter ? If it's the same sound	1
What is the difference between a dimension and a metric?	1
for the american eagle what is the average speed of the cars as they go up the first lift	0
difference between controller and comptroller	1
what type of tool measures weight	0
What are some of the best bossa nova songs?	1
how much it wil cost to build a new lawn	0
What are the best restaurants to try when visiting MagГ©, Brazil? What should you try while you're there?	1
how many years is high school in england	0
what is the difference between salami and dry salami	1
who sold the most records elvis or the beatles	1
Which Super Bowl did Steve McNair play in but not win?	0
What is the shortest song recorded?	0
is the difference between thinking and dreaming ?	1
What are some good mutual funds to invest in at the moment?	1
why is bronze preferred over copper metal for making statues	1
Which is the best nimcet coaching in Coimbatore?	1
Which Lord of the Rings trilogy book does not feature Faramir in person?	0
Who was the first president after the war that ended slavery in the U.S., not including the incumbent?	0
What are biggest secrets of Aghori Sadhus?	1
Did WWII occur before the year 2000?	0
how do you get a star on the hollywood walk of fame	0
where was the previous fifa world cup held	0
does ashley furniture pay a lot	0
Who was the vice president of the 6th US president?	0
how does a cheetah move	0
Which series by Beverly Cleary has more books, Ramona Quimby or Henry Huggins?	1
Is the Nile River longer than the Amazon River?	1
What are some amazing facts about Antarctica?	1
how is coffee made fermented	0
Who are the best-selling music act of all time?	0
What's the easiest way to ingest powdered supplements?	1
what does susceptible means	0
Which Happy Madison movie was directed by Dennis Dugan and starred Adam Sandler?	0
what application on imac to play wmv	0
Which language should I learn to build Android apps in Android studio?	1
Is Quora better than Google for answers?	1
Is Joe Biden a Democrat or Republican?	1
Why are chicken eggs different colors?	0
how can i make award certificates online for my employees since i don't own a sotware or disk ?	0
do owls eat in the day	0
Which s the best book for IBPS it offcer?	1
Which series has more books, Percy Jackson or The Farseer?	1
Who is older, Britney Spears or Christina Aguilera?	1
Who is the older actor, Morgan Freeman or Kevin Spacey?	1
Is Zidane Tribal the main character in Final Fantasy X?	0
Of the 32 NFL teams, which 6 don't have a city in their name?	0
what age was emily carr when she died	0
Which is Osho's best quote?	1
What are the different between Chinese and western diet culture?	1
Who was the first president to be assassinated?	0
What is the trainer from Pallet Town's most famous electric-type Pokémon?	0
What are some TV shows as good as Breaking Bad?	1
who is known as the drillmaster of the american revolution	0
What is the best programming language one must learn to stay updated today?	1
Which state came first in the Union, Pennsylvania or Delaware?	1
Which state has a higher population per senator, Iowa or Florida?	1
Who was the tallest president of the United States?	0
Is President Biden Catholic?	0
How many Olympic medals does Usain Bolt have that are not silver or bronze?	0
Which is the best kissing scene from a movie?	1
What is the best way to learn how to hack (whitehat)?	1
what are the flaps of the heart valves called	0
brotherly love sign in philadelphia	0
What are the most iconic images?	1
what software can i use to record video off hdhomerun	0
who said the first casualty of war is the plan	0
Is there anyone use Wechat? What is the frequency you use in one day？	0
what do ptsd treatments do for patient	0
What is Fabric by Twitter?	0
Which game series has more entries: FIFA or NBA 2K?	1
Who plays in the Fast & Furious movies and also is a former professional wrestler?	0
what movie is the character neo from?	0
What are the best Doctor Who episodes with the 3rd Doctor?	1
What was Atari's best-selling game, Space Invaders or Asteroids?	1
how many seasons does longmire have?	0
What is the difference between electronics , atomtronics , and spintronics (other than current usage) ? 	0
What is the difference between a good butt and a bad butt ?	1
Who has scored more goals at a single club, Messi or Pele?	1
who has run for president the most times	1
Is the Yangtze or Yellow River longer?	1
What are the best high schools in Silicon Valley?	1
where does a bird with no feet sleep	0
what is the result of a mutation occurring in a suppressor gene	0
What is the population of Manila?	0
What are questions for civil engineer in an interview?	0
how many communist party members are there in china	0
who did shirley maclaine play in steel magnolias	0
when are you supposed to get an eternity ring	0
Who is the worst person in the world?	1
what are grousers on a dozer	0
what are naics codes used for	0
who scored the most premier league goals in a season	1
When did Sting release his first solo album?	0
what are government budget deficits	0
What is the theory of black hole?	0
What are the differences between the novel Anna Karenina and the 2012 movie adaptation?	1
who has the most all ireland hurling titles	1
which is the longest mountain range in india	1
Who was the mentor of the author of the Red Mars trilogy?	0
Why do handheld consoles tend to stay around longer than home consoles ?	1
what is sqc education	0
where is the official si atomic clock located	0
Why are some middle easterners and North Indians fairer than middetearanean white people ?	1
What's the best way to buy a used car?	1
what was fred astaire and ginger rogers first movie together	0
What is the difference between arithmetic logic unit and control unit	1
Is Hermione Granger Harry Potter's sister?	0
who has the most record sales of all time	1
What is the capital city of the country that Mount Everest is in?	0
Which series has more books, A Series of Unfortunate Events or The Wheel of Time?	1
what is a primary brain tumor	0
what type of rock is the moon made from	0
how soon can you see heartbeat on vaginal ultrasound	0
Do you feel that the life in your country has changed alot since 2000?	1
what is the most used letter in the english alphabet	1
What is the best way to send money from Australia to the Philippines?	1
How was the Basque Country of Spain formed?	0
What war lasted longer, the Korean War or Vietnam War?	1
What are some good songs to listen to when depressed?	1
When was the latest Animal Crossing game released?	0
what is the biggest super volcano on earth	1
where is almo idaho	0
how long does it take to have drugs and alcohol out of your body systems	0
how to apply for offer in compromise	0
What is the difference between data science and data analysis?	1
'when''s the last time the national league won the all-star game'	0
what was the basic message of the 2nd great awakening	0
What’s the best book to read that isn't fiction?	1
How may Stanley Cup Final appearances do the Vegas Golden Knights have?	0
Did Leonardo DiCaprio win an Oscar for the Revenant?	1
What are the best high-end preschools in Montréal? What makes them good or special?	1
Where can I found adorable baked cupcakes in Gold Coast?	1
will there be a movie after cult of chucky	0
What is the second 50 Shades of Grey movie?	0
How do Bangalore bus routes compare to Ranchi's, and what authority oversees them?	1
three sustainable development strategies for managing earth's resources	1
What are the best TV series you ever watched and why?	1
Why does a rich person have to pay more tax than a poor person ?	1
Why are green flies much easier to kill than regular house flies ?	1
how was john brown involved in the civil war	0
Which programming language is the best to learn first?	1
Was the Star Spangled Banner written before 1970?	0
Which are the best web testing tool?	1
who plays hanna marin in pretty little liars	0
What photograph can be considered the rarest in the world?	1
what the difference between european cup and champions league	1
who was most adversely affected by the price revolution	1
Which state has more electoral votes, Delaware or Florida?	1
Who are the most hated professors at IIT Delhi?	1
what is the difference between yahweh and adonai	1
What is the best motivational music one should listen to during a workout?	1
Which song came out first, Wild Wild West or Miami?	1
Where are (country) the people with the highest IQ?	1
What is the best way to minimize tension?	1
who had the biggest thighs in the nfl	1
How to properly choose Dependant vs Dependent ?	1
What are the best places to recommend foreigners to visit in Nepal?	1
What are the best trick for playing chess?	1
where is the world first integrated solar combined cycle power project is proposed to be set up	0
What is the most inspiring story about IAS interviews?	1
Who is the oldest U.S. president?	0
what parish is bridge city louisiana	0
difference between safety relief valve and pressure relief valve	1
why is the length of a lunar day different from the length of a solar day	1
Who will win the 2016 U.S. presidential election and why?	1
Who was governor of Pennsylvania and served as the first Secretary of Homeland Security?	0
A prominent professor could write me a recommendation letter. But he is not particularly tactful nor a likeable person in his field. Should I let him?	0
"Did Taylor Swift release the album ""Reputation"" before ""Evermore""?"	1
What does it mean when a friend wants to share with you on facebook?	0
what does personal allowances and incidentals mean	0
Who was the first female prime minister of the United Kingdom?	0
What is the difference between Angular2 and react?	1
what food do polar bears eat	0
How many new Legend of Zelda games were on the GameCube?	0
Does South Carolina have a larger population than North Carolina?	1
Why do people prefer Quora over Yahoo! Answers?	1
Who flew the VF-51 in the Korean war and walked on the moon?	0
What is the tallest building in the capital city of Argentina?	0
What are the best destinations I should visit in Vietnam?	1
when was royal caribbean liberty of the seas built	0
What are some summer programs similar to RSI where there are ample opportunities to conduct research?	0
What are the benefits of advertising on social media?	1
what does k c r stand for	0
Which war lasted longer, World War I or War of 1812?	1
where will the 2017 national championship game be played	0
Who had a longer empire, the Aztecs or the Incas?	1
Which series is more profitable, Final Fantasy or Grand Theft Auto?	1
where did the idea of seperation of powers come from	0
What is the best airline to fly from India to USA?	1
Who is taller, Napoleon Bonaparte or Queen Elizabeth II?	1
Which country is bigger in area, Canada or Albania?	1
What region in Brazil holds more large-scale mountain ranges: the Northeast Region or the Southeast Region?	1
What is the best conversation you had with a stranger?	1
what can an abdominal cat scan show	0
What is Anastasia's roommate named?	0
How old was the first drummer of the Who when he died?	0
how to remove flywheel bolts on 1999 subaru legacy	0
why is cardiac muscle different from smooth and skeletal muscle	1
The oldest governor is from which state?	0
why does chocolate cause kidney stones	0
What is the population of the city where the Colosseum is?	0
What is the second Harry Potter movie called?	0
how many minutes a pound should you roast a chicken	0
what does a lum	0
who was the first person to have raised the indian flag on foreign soil and where	1
can leaking battery hurt skin	0
How does Tim Hortons coffee compare to Starbucks coffee?	1
Which country has a more dense population, Canada or the United States?	1
who has the most money in the united states of america	1
Who lost the most soldiers during the American Civil War, the Union or the Confederacy?	1
Do people decompose in space?	0
Which movie series starred Elijah Wood and had a creature named Gollum in it?	0
who is the highest paid major league baseball player today	1
Did King Louis XIV move the seat of his court and government to Versailles?	0
who is the broker in quarry	0
When did Ben Roethlisberger win his first Super Bowl?	0
What is the tallest completed building in the capital city of Qatar?	0
what does an allen's hummingbird eat?	0
What kind of muscles do we specially need for basketball? How do we train them?	0
who drove the car over the cliff in thelma and louise	0
who has the most pga tour wins in a season	1
how are the months split into seasons	0
How many black women have served as vice president?	0
What is the most sustainable way to dispose of tupperware products?	1
who did the spanish defeat at the battle of lepanto	0
what is the smallest prime number?	1
Which is Shahrukh Khan's best piece of work?	1
Who was the first wife of the 43rd US president?	0
Where was Scott Pilgrim born?	0
How many were in the Apollo 11 flight?	0
Why are videos so much smaller on gifycat than . gifs ? I thought gifs were compressed videos ? ?	1
When was Madden NFL 22 released?	0
What is the difference between a static and dynamic system?	1
What is the best oxide material to be used in memristor device so as to gain good on- off ratio and retention property?	1
What is the title of Episode V of Star Wars?	0
What are the downsides of attending École Normale Supérieure?	1
what is the last state to be founded in america	1
Was Titanic released the same year as The Lost World: Jurassic Park?	0
Why is music so important in our lives?	0
How do I pull up my credit history from India? The property manager in US needs it.	0
who is stampy cats girlfriend	0
how many episodes in the last series of pretty little liars	0
What was the significance of the battle of Somme, and how did this battle compare and contrast to the Battle of Nanshan?	1
which is better holiday inn or white christmas	1
do female bison reject a newborn bison calf	0
what does greek small letter psi represent	0
Who was Washington state's oldest governor?	0
How do news anchors that work the graveyard shift cope with their lifestyle?	0
what does csg stand for at microsoft contingent	0
Which album is the shortest music album in history?	0
who did the voice of johnny in sing	0
who sings over the rainbow in wizard of oz	0
What is the best website for consumer product reviews?	1
What was the worst you've ever been cheated financially?	1
What was the deadliest war in American history?	0
what county is sheppard afb in	0
What would happen if someone nuked a volcano?	0
Who was a California governor and a winner of Mister Olympia bodybuilding contest?	0
Who was older when he became the president of the United States of America, Bill Clinton or Barack Obama?	1
Is Suzanne Collins older than J.K. Rowling?	1
Who was the tallest human character in Harry Potter?	0
Who wrote the Whitney Houston song I Will Always Love You?	0
What is the difference between the use of Tris-base and Tris-HCL in the preparation of gels for SDS-PAGE other than the volume of NaOH or HCL needed for the pH adjust?	1
what did elijah mccoy do to help are county	0
what is the military equivalent of a gs-14	0
how did the protestant reformation affect european womenÃ²ÃÃs lives in the sixteenth century	0
who offers free board member training	0
'who sang the song feelings in the 70''s'	0
Which horror movie made more money at the US Box Office, The Happening (2008) or The Conjuring (2013)?	1
What is life like in the U.S. Army?	0
For which movie was Colin Firth nominated for an Academy Award for Best Actor but did not win?	0
If vacuum gravitational and dark energy is created without limit as universe expands?	0
What color jeans goes best with white shirt?	1
Which book is longer by word count, The Hobbit or The Fellowship of the Ring?	1
Which is the best city in the world to live in?	1
What are the most interesting facts about Antarctica?	1
What is GATE? How difficult is it compared to JEE?	1
How old was the youngest recipient of the Nobel Prize in Literature?	0
Antihistamines: Does anyone have any experience with hydroxyzine causing manic states?	0
when was the foundation of the internet created	0
Which Linkin Park album had more songs, Hybrid Theory or Meteora?	1
who chairs the cabinet meetings who is the most powerful within the cabinet	1
What are some examples of endangered species in the tropical rainforest, and how do these differ from those in coastal deserts?	1
inheritance of the a b o blood groups is an example of	0
What is the population of the capital of Illinois?	0
Which state has more electoral votes, Nebraska or Utah?	1
What do you think of the Nintendo Switch?	0
How old was the singer of Me and Bobby McGee when she died?	0
Which country elected its first president earlier, the United States or India?	1
Which Tom Clancy book about Jack Ryan sold the most copies?	0
What player has the most hits in MLB history?	0
Who is the youngest president that took office?	0
Where does Bulma live?	0
Are viruses living things? Why or why not?	0
who directs operations of the largest civilian department in the federal government	0
What is the difference between Communism and Socialism	1
What state is the 17th largest by area and home to Badlands Park?	0
Who commanded the Allied invasion of western Europe at Normandy and was an American president?	0
what does inequities mean	0
Which US territory does not have restrictions that disallow life tenure for office holders?	0
How many Grand Slams has Marat Safin won?	0
who has the most ncaa national championships in football	1
Who has played fewer seasons in the NFL, Tom Brady or Ben Roethlisberger?	1
Is Owen Wilson shorter than Luke Wilson?	1
Who had more hits in their MLB career, George Brett or Robin Yount?	1
Who won the Grammy's Best Rock Performance of the Year in 2016?	0
can paperwhite bulbs rebloom	0
Are Indians/Pakistanis closely related to Iranians ?	1
when did red marauder win the grand national	0
Which organic aloevera gel is best suited and effective for oily and acne prone skin type?	1
How do we prepare for UPSC?	0
Which country has a larger population, the United States or Italy?	1
which brand makes the best refrigerators	1
How do I paint a Nerf gun?	0
what are cisco input output errors	0
How do you write a C program to parse a file by a delimiter?	0
Which war resulted in more American casualties, the Civil War or World War I?	1
Did the game Blades of Steel come out before Tecmo Super Bowl for NES?	1
Was Julius Caesar kidnapped by pirates?	0
How do I find my lost phone?	0
Features of lan?	0
who are the most supported football clubs in the world	1
what predates the golden rule	0
Why and how do we get déjà vu?	0
What is the largest single component of the united states current account	1
What is the difference between a Vmatic and automatic gearbox in a scooter?	1
What is the best programming language for beginners to learn?	1
How do clogging and tap dancing differ?	1
what does bella villa mean in italian	0
What was the American debut single for the boy band NSYNC?	0
How many members are there in Fun?	0
who wrote you're going to love me	0
What would be the best heating and air unit to put in a trailer , 16 x 80	1
where did the name niagara falls origonate	0
who is the most widely published author of all time	1
who played dr zeus in planet of the apes	0
What was the most even match Conor McGregor has ever fought?	1
what is the longest town name in the united states	1
Which series has more games, Pokémon or Witcher?	1
Is Earth science the same as environmental science? If not, how are they different?	1
how does density not depend on mass	0
what is the minimum sat umass boston	0
What will be the best SEO strategies?	1
has an nba team ever scored 200 points	0
what is the oldest book still in existence	1
Who is taller, George Clooney or Brad Pitt?	1
Which team won more Super Bowls, the NY Giants or the NY Jets?	1
Is Rome the capital of China?	0
what county is pickwick lake in	0
what country had to pay reparations following world war i u.s. france great britain germany	0
where is the university of michigan football team ranked	0
Did Terminator come out the same year as Alien?	1
Which game is in the God of War series and has Baldur as the main villain?	0
'where did the saying mind your p''s and q''s come from'	0
I am considering in getting a PokГ©mon game for the 3DS, should I get X/Y, ORAS or await Sun/Moon?	0
Which continent is less populated, South America or Antarctica?	1
What was the shortest recorded war in history?	0
What is the best site to hack Clash Royale?	1
What is the nearest metro station to sarita vihar apollo hospital	1
what is data structure how many type of data sturcture	0
Emily Brontë's Wuthering Heights recounts the tragic romance between which two lovers?	0
What are the biggest changes in Swift 3 from earlier versions?	1
Did George Lucas make more money than Steven Spielberg?	1
What state is Dorothy Gale from in the Wizard of Oz?	0
Which series has more prequel books, Harry Potter or The Maze Runner?	1
Which empire lasted longer, Ottoman Empire or Roma Empire?	1
what is the best temperature setting for my hot water heater?	1
Which series has more games, Wasteland or Fallout?	1
Data Analytics vs Business Analytics vs Data Science. The difference and which one should I go for?	1
What was the name of the Virginia home belonging to the third president of the United States?	0
what is oko plus made from	0
what are the different types of t cells and their functions	1
can only a non profit organization can purchase an org. domain name	0
Which is the most used programming language?	1
why does a us permanent resident card expire	0
is panax quinquefolius the same as panax notoginseng ?	1
Which sold more books, Harry Potter or Lord of the Rings?	1
who sings the song i going to wichita	0
what is apolonia	0
What is the smallest North American capital by population?	0
What's the best car for a realtor under 5k?	1
What is the difference between Australia continent and Oceania?	1
how long is the treatment for colitis with abx	0
Who was taller, Cloud Strife or Noctis Lucis Caelum?	1
What are the importance of Chhattisgarh vidhan Sabha?	0
Was Benito Mussolini killed before the end of WW2?	0
What are the possibilities of Arsenal winning the Premier League?	0
What country is closer to the equator, Canada or Mexico?	1
Is it worth to do a masters in design from Japanese university for an Indian design student?	0
Who was Tsar of Russia and first ruler born after Moscow's independence?	0
What is J. K. Rowling's first name?	0
what is earliest date for easter	1
What are the most common traffic convictions in Arkansas, and how does the severity of the convictions differ in California?	1
What are the top 10 goal scorers of the premier league	1
If one person watches the same YouTube video twice, does it count it as one or two views?	0
How many people died at Pearl Harbor during the attack?	0
Who is responsible landlord or tenant ? In Dekalb county ? Thank you in advance	1
Why is Slack blowing up like that ? What makes it different than other messaging apps ?	1
What is phosphorene multigate MOSFET?	0
Which country is highest in debt?	1
what causes blackouts and memory loss	0
when did season 4 of the 100 come out on netflix	0
Why 1000$ watch is better than 20$ one ?	1
how is heat produced within the earth	0
how to find table name in stored procedure	0
What are the pros and cons of converting from Ubuntu to Linux mint?	1
What is the best way to deal with smart-asses?	1
is there an admissions fee for william penn university	0
Is Emma Watson taller than Ashley Olsen?	1
What were the two initial continents in the video game that Blizzard Entertainment released on November 23, 2004?	0
Who was older at his inauguration, William McKinley or James Buchanan?	1
which team has won the most nba titles	1
who plays marcy in if loving you is wrong	0
Who is older, Beyoncé or Rihanna?	1
who are the gang of eight in washington	0
what is better rap or country i think rap ?	1
What country had the most deaths in WWII?	0
which state became the first to use state funds to help its counties improve their local roads?	1
Is vaping bad ? And if so , is it worse than cigarettes ? 	1
Why did the industrial revolution first occur in England? How does it compare with that in India at present?	1
how many calories are in a strawberry and banana smoothie	0
Was Lyndon Johnson elected to two terms as president?	0
what did martin luther king jr do?	0
who won the golden boot in premier league this season	0
What is the difference between pop punk and pop rock ? Don't just say one punk and ones not .	1
can a 3 way switch be used as a 4 way	0
When did the first Lord of the Rings book come out?	0
how many neighbourhood watch schemes are there in the uk	0
In what year were The Beatles nominated for a Grammy but did not win?	0
who was the first child star signed to motown	1
What is the most effective way to suicide?	1
which has the lower rate of reaction	1
what is better- limewire or frostwire ?	1
Which is a suitable inpatient drug and alcohol rehab center in Mchenry County IL?	1
which english comedian became the first moomba king in 1967	1
What are the best ways to skin a rabbit?	1
Why are mustard packets so much harder to open than ketchup or mayo ?	0
What is the best programming language nowadays?	1
What are the best WhatsApp statuses in Kannada?	1
what are the symptoms of potassium depletion?	0
Who is older, Kid Rock or Ozzy Osbourne?	1
where does 20000 leagues under the sea take place	0
Where did Raj nishany borne?	0
Does Georgia have less electoral votes than Florida?	1
What are the effects of bathing with cold water in winter?	0
What war started first, the Korean War or Vietnam War?	1
what does it mean when a civil case is taken to us district court	0
Who won the Super Bowl in 2007?	0
how many teeth should baby have at 14 months	0
Which city of Ancient Greece was more populated, Sparta or Athens?	1
Would Real Madrid be better off without Cristiano Ronaldo?	1
when do you light pink candle for advent	0
what congressmen receive the most money from the nra	1
Who's winning the election, Trump or Clinton?	1
Which director has won more Oscars, Stanley Kubrick or William Wyler?	1
Who are the best rappers of all time?	1
What is the third book in the Twilight series?	0
Is Monaco or San Marino smaller?	1
Who was the longest serving German chancellor?	0
Was Hell's Angels written before Fear and Loathing in Las Vegas?	0
what is mojitos	0
who has won the most major golf titles	1
Which country is larger by land mass, Canada or the United States?	1
who did samuel l jackson play in star wars	0
What's the best fantasy book?	1
how to travel to moorea for less	1
Why do whales have less taste buds than humans yet have bigger tongues ?	1
What Harry Potter books were not released in the 2000s?	0
What is the best way to define happiness?	1
Which state has a larger population, Missouri or Texas?	1
what kind of earthquake was shaanxi 1556	0
what type of crimes is marijuana most commonly related to	1
How should I have sex with a female?	0
What is a good alternative to Path?	1
I have Rs 30000, what is a good small business that I can start with it?	1
How is Hillary Clinton better than Donald Trump?	1
Who died earlier, Neil Armstrong or Buzz Aldrin?	1
Where was the author of The Road born?	0
Are Chinese people taller than Japanese people? If so, why might this be the case?	1
Who served the shortest amount of time in the White House as a US president?	0
What were the major effects of the cambodia earthquake, and how do these effects compare to the Peru earthquake in 1687?	1
Who lived longer, Alexander the Great or Julius Ceasar?	1
Who was the second emperor of Rome?	0
Which travel agency is good Thomas cook or cox and kings for international travel in terms of budget and comforts?	1
who won the first world series of poker at binions	1
What is an IV Bolus ? How is it different from an IV ?	1
Which is the better option when planning a trip from Bangalore to Goa? Should we go by car and start driving at night or should we go by train to Goa and reserve a car there?	1
what causes woman dizzy nausea	0
How old was the last king of France when he was executed in 1793?	0
what is the same between USA goverment and rome empire ?	1
Who is Sonic the Hedgehog's nemesis?	0
Which war lasted longer, World War II or the war in Afghanistan between the United States and the Taliban?	1
who is the voice on how i met your mother	0
Who was the offensive coordinator for the team that won the Super Bowl early in 2021?	0
Is Bernie Sanders older than Joe Biden?	1
what county is covington tn located in	0
Why can'new'smartphones be found for cheaper on eBay than their retail sites ?	1
What year was the Jefferson Memorial finished?	0
Is Joaquin Phoenix the greatest actor of this generation?	1
what is the largest chimpanzee on record	1
How many American presidents Served in the military?	0
Who is older, Jodie Foster or Julia Roberts?	1
how much is taken out of my paycheck florida	0
what's the tallest building in washington dc	1
Where can I find best rat control service in Sydney?	1
I have a lot of acne on my face. I want a clear face with no acne. What products should I use to get acne free skin?	1
How many kids does Adele have?	0
how long does a gout attack last?	0
how many times has ohio state won the national championship	0
Is it possible to lose 45 lbs in 5 months?	0
Which U.S. state has more residents than all of Canada and is also home to a famous golden bridge?	0
As of 2021, how many books are in the Stormlight Archive series by Brandon Sanderson?	0
What is the Sahara, and how do the average temperatures there compare to the ones in the Simpson Desert?	1
Which is a good solar panel installation provider near Agoura, California?	1
Which band came first, NSYNC or Backstreet Boys?	1
Which war lasted longer, Vietnam War or Iraq War?	1
When a camera's FPS is lower than a screens FPS , you'll see screen flickering . What would happen if a cameras FPS is higher than the screens tho ? 	1
What was the first movie in the Marvel Cinematic Universe?	0
Which game is in the Final Fantasy series and has Zidane Tribal as the main protagonist?	0
how tall is a u	0
Which is a good IDE for developing front-end javascript?	1
What city is known as The Big Easy?	0
How many points is a basket worth?	0
Who is older, Barack Obama or Hillary Clinton?	1
what is meninges	0
how long was the silk road	0
Who weighed more in 1987, Mike Tyson or Leon Spinks?	1
How many books are in the Fifty Shades of Grey series?	0
who was the longest ruling non-royal head of state post-1900	1
which has thicker supraorbital ridges	1
Did George Washington own slaves while in office?	0
how to cook in the oven boneless shoulder of lamb	0
Who was the first ruler of Egypt in the New Kingdom?	0
What game has the popular map Facing Worlds?	0
Why is reddit worth so little money compared to Facebook ? 	1
Is Billie Eilish older than Taylor Swift?	1
Is it easier for an overweight person to get muscular and ripped , than a underweight person ? 	1
Who had a longer reign, Louis XIV or Franz Joseph I?	1
Why do teachers dislike shy and quiet students?	0
How old is the current quarterback of the Tampa Bay Buccaneers?	0
Who has more assists, Zinedine Zidane or Mesut Özil?	1
who was the first person to ever get arrested	1
Do rats carry more diseases when they are dead compared to being alive?	1
Which is the better guitar to buy between Yamaha F310 and Cort Ad810?	1
Which intelligence agency was established first, NSA or FBI?	1
Who did King Henry VIII marry at his second wedding?	0
what are some common causes of conjunctivitis	1
How many Super Bowl titles did the Dallas Cowboys win?	0
What do you think should be India' s stand after today' s URI terror attack?	0
What is the best way to progress in life?	1
In what year did the lead singer of Linkin Park die?	0
Which installment of the Fast & Furious franchise did the director of Aquaman direct?	0
who started game 7 of the 2004 alcs	0
What is the best way to start a conversation with a girl in a college?	1
Out of the 3 movies in the sequel trilogy for Star Wars, which one was not directed by J. J. Abrams?	0
who is the banker on deal no deal	0
who translated the bible from hebrew to greek	0
Which war lasted longer, the Spanish American War or the French and Indian War?	1
why did the u.s. become involved in the vietnam conflict?	0
Is the government of Australia a constitutional monarchy?	0
Which country has a larger population, America or UK?	1
Which platform is best for trade in Forex trading?	1
when did the us and the uk become allies	0
What is your review of The Letter (2012 movie)?	0
Is Jill Stein calling for three swing states to revote?	0
Who is older, Meryl Streep or Cher?	1
Which rapper has the most Grammys?	0
Who would win, Brock Lesnar or The Undertaker?	1
who has won the last 10 stanley cups	0
What weapons would be most effective in a zombie apocalypse?	1
how are children with dyslexia taught to read	0
Where is the best place to stay in Kuala Lumpur for a summer?	1
Who would win an all out war between Pakistan and India if no other country got involved?	1
weight of hot sausage link	0
what is cesium used for	0
What is the best program to learn another language and is possibly free?	1
Why are wild cats so big in wild compared to wild dogs but domesticated dogs are usually much bigger than cats ?	1
who has the highest fg percentage in the nba	1
how to put rear brake on65 mustang	0
Which Jhene Aiko collaboration was nominated for the Best R&B Performance Grammy but did not win?	0
Who is the only player to win silverware at liverpool and manchester united	1
Who is younger, Al Pacino or Robert De Niro?	1
which is the first hindi movie in india	1
what is a common reason to file a suspicious activity report	1
Is prison food really that bad ? and is it any different than jail food ?	1
does creatine promotes the development of muscle tissue?	0
In what aspects is Hillary Clinton better than Trump?	1
who was the first indian actress to receive the padma shri award	1
What should I do to progress my career?	0
How many versions of Candy Crush were released?	0
What is the best LG G3 app?	1
working on data according to instruction is called	0
What's the best way to gain muscle while losing fat?	1
what are the reco	0
Is Joe Biden older than Bernie Sanders?	1
Who has more number one hits, NSYNC or Backstreet Boys?	1
Who was the king of Great Britain when they invaded America during the American Revolution?	0
What is the difference between aim objectives and goal?	1
Who was the first son of Peter the Great's second wife?	0
what is animal rennet in cheese	0
What is the difference between responsive and adaptive design?	1
who sang the song stand up for the champion	0
Is it painful to drown?	0
How many number one hits did Billy Ocean have?	0
who was the first president to call his residence the white house	1
who is on the world most wanted list	1
can a goiter cause shortness of breath	0
Which series has more books, Ranger's Apprentice or Pendragon: Journal of an Adventure through Time and Space?	1
what chromosome carries tay sachs	0
oh where have you been lord randal my son	0
Was Abraham Lincoln or James Madison taller?	1
how long to bake empanadas in oven	0
Which Harry Potter book featured a giant ogre attacking the school?	0
Is atheism growing?	0
Which band has more members, ABBA or BTS?	1
Who was a stage actor and also assassinated a US president?	0
who is in the greasers gang in the outsiders	0
who is the deadliest medieval warrior	1
When did Steven Spielberg direct his first movie?	0
Which movie had a bigger budget, Doctor Sleep or Ad Astra?	1
Which is the best training institute in Pune for digital marketing and why?	1
Who is the worst Actor in Bollywood at present time?	1
Can an Indian own a Lamborghini in USA legally?	0
Can a plane fly with one engine?	0
during the constitutional convention discussions the doors to the building were	0
How many provinces and territories are in Canada?	0
What is the best way to remember?	1
which incident report is the most effective at reporting the incident? quizlet	1
What are some of the best tactical changes made by a captain of a cricket team?	1
What is the difference between PhoneGap, Cordova, and Ionic?	1
is the color ivory the same as white	1
who became the first spokesperson for non-violent protests	1
What are the best life style hacks?	1
Who had a longer reign, King George III or Queen Victoria?	1
who composed the theme song for game of thrones	0
What's your, personally, most reliable source of information?	1
Who has more number one Billboard hits, The Weeknd or Drake?	1
Which Olympic Decathlon winner is now a star on a reality show?	0
Does Street Fighter 2 have more playable characters than Street Fighter 5?	1
why do we need trees?	0
Beverages: What percentage of Coca-Cola is water?	0
What is the review of the Vedant builder group in Pune, India with projects like Kingston XYZ?	0
when did the new shape range rover sport come out	0
'who has the most goals in us women''s soccer'	1
Who is older, Leonardo DiCaprio or Tom Hanks?	1
what is a tos	0
Which series has more books, The Chronicles of Narnia or Twilight?	1
what should fridge temp be at	0
Who has won more Academy Awards, Helen Mirren or Cate Blanchett?	1
Is it legal for 13 year olds to work in Utah?	0
What is the best passive investment strategy?	1
What are the popular job search sites in India for Mid-Level Experienced MBA Professional apart from Naukri.com and iimjobs.com?	0
Which lake is part of the Great Lakes and shares the name of a U.S. state?	0
Is JK Rowling older than Margaret Atwood?	1
what county is spring lake	0
who recorded country music's first big hit million seller record and what was the name of the song	1
if my online tax return got rejected can i refile	0
Why are overweight people often more hairy than skinny people ?	1
What is the most practical application of math in daily live?	1
Which is better China or Taiwan?	1
thangal kunju musaliar college of arts and science kollam	0
what is the difference between ansi lumens and lumens	1
what does nolle contendre mean	0
What is unusual or different about the food and cuisine in Argentina?	1
what's the biggest stadium in the us	1
how many calories in average apple	0
Who is older, Jessica Chastain or Bryce Dallas Howard?	1
What are the different types of server caching?	1
where does zach roloff live	0
How would you criticise Albert Einstein's theory of relativity?	0
Who are the top ten hip hop producers of all time?	1
How old is Bella Swan in Twilight?	0
What are the advantages and disadvantages of the Digital India initiative?	1
Which mountain is in the Sierra Nevada and is the highest in the lower 48 states?	0
What are the different classes of cars and what do they exactly mean?	1
How can I get over somebody I really love?	0
what is gender inequality ?	0
Which country has a larger population, Thailand or Malaysia?	1
What do chemical engineers do after their graduation?	0
Which career is the best for me according to my birth chart and d10 chart?	1
What is the second NBA team Michael Jordan played for?	0
Who has more Stanley Cup wins, the Toronto Maple Leafs or the Detroit Red Wings?	1
who gives the most to charity in the world	1
What's healthier: bread and butter or chips and salsa?	1
What is the longest song from Justin Timberlake?	0
I just made a short film. Where are the best places to upload my short film except Youtube?	1
What does it mean when you're talking to a guy and then he rearranges/touches his crotch?	0
What do you think is the ultimate meaning of life?	0
Which is India's national language?	0
How do you maximize your 20s so as to be great by age 40?	0
what mountain range is in mid virginia	0
Is Stephenie Meyer older than J.K Rowling?	1
What is the name of the orange ghost in Pac-Man?	0
What is the difference between server program & client program ?	1
which are the largest cities in the us	1
Would pinching my nipple as hard as I can give me a good idea how much it’ll hurt to get pierced ?	1
what language do they speak in trinidad and tabago	0
How old was the final German emperor when he died?	0
finding the amino acid sequence is called what	0
Is George R.R. Martin older than Stephen King?	1
Who is the head coach for the Philadelphia Eagles?	0
Where was the director of Eternals born?	0
Which game series has more games, Final Fantasy or Tales?	1
Which country is bigger in area, the U.S.A or Albania?	1
Which country has a larger landmass, Portugal or Brazil?	1
what country has the largest economy in africa	1
How do I improve my Quora questions?	0
What is the best online source for learning about options trading?	1
Why should one vote for Hillary Clinton in the 2016 presidential election?	1
when did the tour de france not start and finish in paris	0
where is the sternum located on the human body	0
What are some examples of scanners being input devices?	0
what insect bores into the stock of a tomato plant	0
If there was one thing you could change about the world what would it be and why?	0
Why are high street stores more expensive than their online counterpart ?	1
Did Lord Byron have any children?	0
Why would an engineer want to work at Microsoft instead of Facebook and Google?	1
how to fix crv 2015 vibrations	0
What Ed Sheeran song is newer, Bad Habits or Shape of You?	1
how do i get champion matchs on my MXQ box	0
What is the smallest volcano in Hawaii?	0
us government congress what is a memo	0
What's the best field to build and sell a business in?	1
Does Cairo have a higher population than Tokyo?	1
which western export has been most welcomed throughout the modern world	1
What is your favorite song or what song do you recommend?	1
How many countries are in Europe?	0
I want to design and build my own home in India. what are the pros and cons compared to buying a pre-built house?	1
What are the best phones under 15000 in india?	1
How many children does the director of The Conjuring have?	0
Which president served the most days in office?	0
how long does it take for endorphins to respond to physical activity	0
which us state has the highest sales tax	1
what is the record temperature for death valley	1
What are the benefits of pranic healing?	1
Is Chuck Grassley older than Mitt Romney?	1
actor who provided the voice for scar in the lion king	0
Which US president was elected first, Jimmy Carter or George W. Bush?	1
Where is the best collage for engineering?	1
Which series started first: Zelda or Halo?	1
Who is the all-time leading rusher in NFL history?	0
What's the best processor?	1
Who is the antagonist in the third Far Cry game?	0
Acronyms: What does LP stand for??	0
What are the best ways to get more views & subscribers on YouTube?	1
What is the worst thing that happened to you as a result of marriage?	1
Why do people say thin towels are better than fluffy towels ? What's the difference ?	1
where is the normandy american cemetery and memorial	0
Why does the ride back home seem shorter than the ride there ?	1
what are the basic needs at the lowest level of maslow motivational hierarchy	1
how long does it take for a tankless water heater to heat water	0
Which is easier: PTE or IELTS?	1
Should I take a web development course or just learn it all by myself?	1
Which is the most logical movie in the world?	1
What are the best criteria for keeping a long friendship?	1
What are the most common traffic convictions in Arkansas, and how does the severity of the convictions differ in Colorado?	1
which is the largest forest state in india	1
What is the best comedy TV series?	1
what does herbivory mean	0
when did israel give the sinai peninsula back to egypt	0
What are the top ten causes of death that has no preventative or curative options	1
Why does it seem like watery oatmeal takes longer to cool down than drier oatmeal ?	1
What are the best ways to get rid of acne?	1
Do employees at B&G Foods have a good work-life balance? Does this differ across positions and departments?	1
Which state has more electoral votes, Pennsylvania or Georgia?	1
Why would a guy break up over the phone rather than in person ?	1
When did the author who wrote Pale Fire die?	0
what does racetrack mean	0
what are your legal rights and responsibilities when using etfs?	0
What is the second Pokemon of the original 150 Pokemon?	0
Who is younger, Emma Watson or Saoirse Ronan?	1
What is the best open source software to design a PID controller and HMI, with the end result file being an executable file?	1
Which book in the Hunger Game book series was released in 2010?	0
which guitarist is known as slowhand	0
Is Max Verstappen older than Mick Schumacher?	1
How do I stop being a pushover?	0
Which is best D.U or M.D.U?	1
What is the price difference between artificial material decks and wooden decks ?	1
How can we be sure the CIA isn't being hacked by China to look like Russia hacked the election?	0
Is there a tougher entrance exam than IIT JEE at the pre university college level on earth?	1
Who was the 30th president?	0
what are the titles of the game of thrones books	0
Which country has a larger population, Bangladesh or Nigeria?	1
Which one is the best option to give JEE Mains 2017 offline or online ?	1
Who was the oldest person to serve as president in the US?	0
How many Republican governors has California had since 1990?	0
what does great loan to value ratio mean	0
What is it like to be a summer student at Claremont Colleges? How is it different from the normal school year?	1
What are some of the best kept secrets of gujarat?	1
"Which is correct: ""As of now, I still hadn’t received a response."" or ""As of now, I still haven’t received a response.""?"	1
Is Todd Frazier older than Derek Jeter?	1
what is jumbo loan limit idaho	0
What is the best comic book?	1
what can a sugar spoon be used for	0
What was the most expensive movie ever made?	0
where does new girl take place in the show	0
Does Illuminati exist?	0
What are the top most SEO Company in Delhi?	1
which nba player has the most playoff points	1
When did the fifth Twilight book come out?	0
Is Mount Kilimanjaro taller than Mount Everest?	1
where can you not carry a concealed weapon in south carolina	0
What is the best book by Sadhguru Jaggi Vasudev?	1
who is currently the highest ranking military officer	1
What is the video game with the fourth highest sales?	0
Is Hillary Clinton richer than Barack Obama?	1
what are the advantage of trash energy	1
what name is given to the danube river plain surrounded by mountains	0
how long has the great pyramid of giza been around	0
How many Amendments does the Constitution have?	0
Is Barack Obama older than 60?	1
What is the cutest animals princess you've ever seen?	1
what is the normal creatine level in blood	0
What are the best apps that you have come across or used in terms of UI and ease of use on the three mobile platforms?	1
Why is the water in my bathroom faucet getting colder faster than the water in my kitchen ?	1
In which city was the actor who played Jordan in Wolf of Wall Street born?	0
why riding straight on narrow road is harder than on wide road ?	1
Why do rains pollute water?	0
where did the red sox get phillips from	0
'who has the most women''s ncaa basketball championships'	1
When did Adele win her first Grammy?	0
Which desert has a larger total area, Sonoran Desert or the Chihuahuan Desert?	1
What is the best forum for communicating with retailers?	1
tropical rainforests can be found in where	0
How many times have the Detroit Lion's made it to the playoffs?	0
How good are the best neuroscience programs in India? Are they comparable with worldwide top universities?	1
is microsoft word on this computer	0
'who has the most medals in this year''s winter olympics'	1
what happens at the end of full metal jacket	0
What do people consider the biggest casting errors in American films?	1
where does the last name lin come from	0
What is the best URL shortener?	1
what are the benefits of ginger root in honey	1
Is Donald Trump older than Barack Obama?	1
What is the best website design company?	1
Is Brazil larger than Argentina?	1
do nails and hair grow after death?	0
I tried to have anal sex with my girl and it was too tight to penetrate, how do I get it in?	0
What is the difference between a compressor and a pump?	1
What did Bilbo Baggins find?	0
